datetime_Europe_Brussels,solar_actual_MWh
2024-06-04 22:00:00+02:00,0.0
2024-06-04 23:00:00+02:00,0.0
2024-06-05 00:00:00+02:00,0.0
2024-06-05 01:00:00+02:00,0.0
2024-06-05 02:00:00+02:00,0.0
2024-06-05 03:00:00+02:00,0.0
2024-06-05 04:00:00+02:00,19.0
2024-06-05 05:00:00+02:00,2141.0
2024-06-05 06:00:00+02:00,12908.0
2024-06-05 07:00:00+02:00,32448.0
2024-06-05 08:00:00+02:00,58911.0
2024-06-05 09:00:00+02:00,85287.0
2024-06-05 10:00:00+02:00,105041.0
2024-06-05 11:00:00+02:00,112300.0
2024-06-05 12:00:00+02:00,111078.0
2024-06-05 13:00:00+02:00,109655.0
2024-06-05 14:00:00+02:00,106420.0
2024-06-05 15:00:00+02:00,101657.0
2024-06-05 16:00:00+02:00,87402.0
2024-06-05 17:00:00+02:00,66186.0
2024-06-05 18:00:00+02:00,40409.0
2024-06-05 19:00:00+02:00,19722.0
2024-06-05 20:00:00+02:00,6841.0
2024-06-05 21:00:00+02:00,584.0
2024-06-05 22:00:00+02:00,0.0
2024-06-05 23:00:00+02:00,0.0
2024-06-06 00:00:00+02:00,0.0
2024-06-06 01:00:00+02:00,0.0
2024-06-06 02:00:00+02:00,0.0
2024-06-06 03:00:00+02:00,0.0
2024-06-06 04:00:00+02:00,27.0
2024-06-06 05:00:00+02:00,2465.0
2024-06-06 06:00:00+02:00,15524.0
2024-06-06 07:00:00+02:00,42599.0
2024-06-06 08:00:00+02:00,77319.0
2024-06-06 09:00:00+02:00,111871.0
2024-06-06 10:00:00+02:00,137845.0
2024-06-06 11:00:00+02:00,153363.0
2024-06-06 12:00:00+02:00,159313.0
2024-06-06 13:00:00+02:00,158105.0
2024-06-06 14:00:00+02:00,151990.0
2024-06-06 15:00:00+02:00,139450.0
2024-06-06 16:00:00+02:00,117245.0
2024-06-06 17:00:00+02:00,88828.0
2024-06-06 18:00:00+02:00,54922.0
2024-06-06 19:00:00+02:00,26234.0
2024-06-06 20:00:00+02:00,8768.0
2024-06-06 21:00:00+02:00,726.0
2024-06-06 22:00:00+02:00,1.0
2024-06-06 23:00:00+02:00,0.0
2024-06-07 00:00:00+02:00,0.0
2024-06-07 01:00:00+02:00,0.0
2024-06-07 02:00:00+02:00,0.0
2024-06-07 03:00:00+02:00,0.0
2024-06-07 04:00:00+02:00,26.0
2024-06-07 05:00:00+02:00,2344.0
2024-06-07 06:00:00+02:00,14361.0
2024-06-07 07:00:00+02:00,39170.0
2024-06-07 08:00:00+02:00,72672.0
2024-06-07 09:00:00+02:00,110218.0
2024-06-07 10:00:00+02:00,139454.0
2024-06-07 11:00:00+02:00,155769.0
2024-06-07 12:00:00+02:00,158932.0
2024-06-07 13:00:00+02:00,158312.0
2024-06-07 14:00:00+02:00,148910.0
2024-06-07 15:00:00+02:00,134894.0
2024-06-07 16:00:00+02:00,115988.0
2024-06-07 17:00:00+02:00,87028.0
2024-06-07 18:00:00+02:00,56011.0
2024-06-07 19:00:00+02:00,27194.0
2024-06-07 20:00:00+02:00,9092.0
2024-06-07 21:00:00+02:00,697.0
2024-06-07 22:00:00+02:00,1.0
2024-06-07 23:00:00+02:00,0.0
2024-06-08 00:00:00+02:00,0.0
2024-06-08 01:00:00+02:00,0.0
2024-06-08 02:00:00+02:00,0.0
2024-06-08 03:00:00+02:00,0.0
2024-06-08 04:00:00+02:00,27.0
2024-06-08 05:00:00+02:00,2628.0
2024-06-08 06:00:00+02:00,15860.0
2024-06-08 07:00:00+02:00,45761.0
2024-06-08 08:00:00+02:00,85664.0
2024-06-08 09:00:00+02:00,125112.0
2024-06-08 10:00:00+02:00,152976.0
2024-06-08 11:00:00+02:00,167043.0
2024-06-08 12:00:00+02:00,166441.0
2024-06-08 13:00:00+02:00,158063.0
2024-06-08 14:00:00+02:00,143005.0
2024-06-08 15:00:00+02:00,119776.0
2024-06-08 16:00:00+02:00,90151.0
2024-06-08 17:00:00+02:00,63471.0
2024-06-08 18:00:00+02:00,38007.0
2024-06-08 19:00:00+02:00,18627.0
2024-06-08 20:00:00+02:00,6594.0
2024-06-08 21:00:00+02:00,671.0
2024-06-08 22:00:00+02:00,0.0
2024-06-08 23:00:00+02:00,0.0
2024-06-09 00:00:00+02:00,0.0
2024-06-09 01:00:00+02:00,0.0
2024-06-09 02:00:00+02:00,0.0
2024-06-09 03:00:00+02:00,0.0
2024-06-09 04:00:00+02:00,38.0
2024-06-09 05:00:00+02:00,2595.0
2024-06-09 06:00:00+02:00,13914.0
2024-06-09 07:00:00+02:00,41378.0
2024-06-09 08:00:00+02:00,77699.0
2024-06-09 09:00:00+02:00,110308.0
2024-06-09 10:00:00+02:00,130897.0
2024-06-09 11:00:00+02:00,142101.0
2024-06-09 12:00:00+02:00,146422.0
2024-06-09 13:00:00+02:00,143088.0
2024-06-09 14:00:00+02:00,134729.0
2024-06-09 15:00:00+02:00,121096.0
2024-06-09 16:00:00+02:00,103595.0
2024-06-09 17:00:00+02:00,78001.0
2024-06-09 18:00:00+02:00,47883.0
2024-06-09 19:00:00+02:00,23364.0
2024-06-09 20:00:00+02:00,8950.0
2024-06-09 21:00:00+02:00,875.0
2024-06-09 22:00:00+02:00,1.0
2024-06-09 23:00:00+02:00,0.0
2024-06-10 00:00:00+02:00,0.0
2024-06-10 01:00:00+02:00,0.0
2024-06-10 02:00:00+02:00,0.0
2024-06-10 03:00:00+02:00,0.0
2024-06-10 04:00:00+02:00,41.0
2024-06-10 05:00:00+02:00,2408.0
2024-06-10 06:00:00+02:00,12299.0
2024-06-10 07:00:00+02:00,35149.0
2024-06-10 08:00:00+02:00,66959.0
2024-06-10 09:00:00+02:00,100185.0
2024-06-10 10:00:00+02:00,124241.0
2024-06-10 11:00:00+02:00,135359.0
2024-06-10 12:00:00+02:00,136338.0
2024-06-10 13:00:00+02:00,133977.0
2024-06-10 14:00:00+02:00,123413.0
2024-06-10 15:00:00+02:00,107750.0
2024-06-10 16:00:00+02:00,88165.0
2024-06-10 17:00:00+02:00,63099.0
2024-06-10 18:00:00+02:00,38272.0
2024-06-10 19:00:00+02:00,17861.0
2024-06-10 20:00:00+02:00,5338.0
2024-06-10 21:00:00+02:00,365.0
2024-06-10 22:00:00+02:00,0.0
2024-06-10 23:00:00+02:00,0.0
2024-06-11 00:00:00+02:00,0.0
2024-06-11 01:00:00+02:00,0.0
2024-06-11 02:00:00+02:00,0.0
2024-06-11 03:00:00+02:00,0.0
2024-06-11 04:00:00+02:00,28.0
2024-06-11 05:00:00+02:00,1640.0
2024-06-11 06:00:00+02:00,10001.0
2024-06-11 07:00:00+02:00,26971.0
2024-06-11 08:00:00+02:00,49584.0
2024-06-11 09:00:00+02:00,71694.0
2024-06-11 10:00:00+02:00,90142.0
2024-06-11 11:00:00+02:00,104425.0
2024-06-11 12:00:00+02:00,112247.0
2024-06-11 13:00:00+02:00,116532.0
2024-06-11 14:00:00+02:00,117693.0
2024-06-11 15:00:00+02:00,112338.0
2024-06-11 16:00:00+02:00,96107.0
2024-06-11 17:00:00+02:00,72654.0
2024-06-11 18:00:00+02:00,46393.0
2024-06-11 19:00:00+02:00,23298.0
2024-06-11 20:00:00+02:00,8752.0
2024-06-11 21:00:00+02:00,848.0
2024-06-11 22:00:00+02:00,2.0
2024-06-11 23:00:00+02:00,0.0
2024-06-12 00:00:00+02:00,0.0
2024-06-12 01:00:00+02:00,0.0
2024-06-12 02:00:00+02:00,0.0
2024-06-12 03:00:00+02:00,0.0
2024-06-12 04:00:00+02:00,38.0
2024-06-12 05:00:00+02:00,2412.0
2024-06-12 06:00:00+02:00,14602.0
2024-06-12 07:00:00+02:00,41682.0
2024-06-12 08:00:00+02:00,78451.0
2024-06-12 09:00:00+02:00,111671.0
2024-06-12 10:00:00+02:00,128495.0
2024-06-12 11:00:00+02:00,133484.0
2024-06-12 12:00:00+02:00,136436.0
2024-06-12 13:00:00+02:00,137259.0
2024-06-12 14:00:00+02:00,134204.0
2024-06-12 15:00:00+02:00,121297.0
2024-06-12 16:00:00+02:00,101614.0
2024-06-12 17:00:00+02:00,78384.0
2024-06-12 18:00:00+02:00,49099.0
2024-06-12 19:00:00+02:00,23920.0
2024-06-12 20:00:00+02:00,8260.0
2024-06-12 21:00:00+02:00,715.0
2024-06-12 22:00:00+02:00,1.0
2024-06-12 23:00:00+02:00,0.0
2024-06-13 00:00:00+02:00,0.0
2024-06-13 01:00:00+02:00,0.0
2024-06-13 02:00:00+02:00,0.0
2024-06-13 03:00:00+02:00,0.0
2024-06-13 04:00:00+02:00,35.0
2024-06-13 05:00:00+02:00,2518.0
2024-06-13 06:00:00+02:00,14028.0
2024-06-13 07:00:00+02:00,37704.0
2024-06-13 08:00:00+02:00,71246.0
2024-06-13 09:00:00+02:00,103455.0
2024-06-13 10:00:00+02:00,126488.0
2024-06-13 11:00:00+02:00,138214.0
2024-06-13 12:00:00+02:00,142716.0
2024-06-13 13:00:00+02:00,143398.0
2024-06-13 14:00:00+02:00,137520.0
2024-06-13 15:00:00+02:00,125858.0
2024-06-13 16:00:00+02:00,108911.0
2024-06-13 17:00:00+02:00,84843.0
2024-06-13 18:00:00+02:00,55931.0
2024-06-13 19:00:00+02:00,27648.0
2024-06-13 20:00:00+02:00,9056.0
2024-06-13 21:00:00+02:00,654.0
2024-06-13 22:00:00+02:00,1.0
2024-06-13 23:00:00+02:00,0.0
2024-06-14 00:00:00+02:00,0.0
2024-06-14 01:00:00+02:00,0.0
2024-06-14 02:00:00+02:00,0.0
2024-06-14 03:00:00+02:00,0.0
2024-06-14 04:00:00+02:00,25.0
2024-06-14 05:00:00+02:00,1640.0
2024-06-14 06:00:00+02:00,10201.0
2024-06-14 07:00:00+02:00,23229.0
2024-06-14 08:00:00+02:00,38973.0
2024-06-14 09:00:00+02:00,55809.0
2024-06-14 10:00:00+02:00,70961.0
2024-06-14 11:00:00+02:00,83258.0
2024-06-14 12:00:00+02:00,93073.0
2024-06-14 13:00:00+02:00,93791.0
2024-06-14 14:00:00+02:00,88580.0
2024-06-14 15:00:00+02:00,80852.0
2024-06-14 16:00:00+02:00,69648.0
2024-06-14 17:00:00+02:00,55483.0
2024-06-14 18:00:00+02:00,37408.0
2024-06-14 19:00:00+02:00,19782.0
2024-06-14 20:00:00+02:00,6714.0
2024-06-14 21:00:00+02:00,567.0
2024-06-14 22:00:00+02:00,0.0
2024-06-14 23:00:00+02:00,0.0
2024-06-15 00:00:00+02:00,0.0
2024-06-15 01:00:00+02:00,0.0
2024-06-15 02:00:00+02:00,0.0
2024-06-15 03:00:00+02:00,0.0
2024-06-15 04:00:00+02:00,34.0
2024-06-15 05:00:00+02:00,1957.0
2024-06-15 06:00:00+02:00,8733.0
2024-06-15 07:00:00+02:00,18365.0
2024-06-15 08:00:00+02:00,32066.0
2024-06-15 09:00:00+02:00,50821.0
2024-06-15 10:00:00+02:00,75762.0
2024-06-15 11:00:00+02:00,101344.0
2024-06-15 12:00:00+02:00,118721.0
2024-06-15 13:00:00+02:00,128263.0
2024-06-15 14:00:00+02:00,130416.0
2024-06-15 15:00:00+02:00,122736.0
2024-06-15 16:00:00+02:00,108258.0
2024-06-15 17:00:00+02:00,84532.0
2024-06-15 18:00:00+02:00,54532.0
2024-06-15 19:00:00+02:00,26438.0
2024-06-15 20:00:00+02:00,9414.0
2024-06-15 21:00:00+02:00,877.0
2024-06-15 22:00:00+02:00,5.0
2024-06-15 23:00:00+02:00,0.0
2024-06-16 00:00:00+02:00,0.0
2024-06-16 01:00:00+02:00,0.0
2024-06-16 02:00:00+02:00,0.0
2024-06-16 03:00:00+02:00,0.0
2024-06-16 04:00:00+02:00,39.0
2024-06-16 05:00:00+02:00,2197.0
2024-06-16 06:00:00+02:00,13192.0
2024-06-16 07:00:00+02:00,36727.0
2024-06-16 08:00:00+02:00,67452.0
2024-06-16 09:00:00+02:00,98140.0
2024-06-16 10:00:00+02:00,123955.0
2024-06-16 11:00:00+02:00,136952.0
2024-06-16 12:00:00+02:00,139091.0
2024-06-16 13:00:00+02:00,134463.0
2024-06-16 14:00:00+02:00,128574.0
2024-06-16 15:00:00+02:00,116018.0
2024-06-16 16:00:00+02:00,97361.0
2024-06-16 17:00:00+02:00,73768.0
2024-06-16 18:00:00+02:00,46229.0
2024-06-16 19:00:00+02:00,21944.0
2024-06-16 20:00:00+02:00,7436.0
2024-06-16 21:00:00+02:00,730.0
2024-06-16 22:00:00+02:00,1.0
2024-06-16 23:00:00+02:00,0.0
2024-06-17 00:00:00+02:00,0.0
2024-06-17 01:00:00+02:00,0.0
2024-06-17 02:00:00+02:00,0.0
2024-06-17 03:00:00+02:00,0.0
2024-06-17 04:00:00+02:00,37.0
2024-06-17 05:00:00+02:00,2234.0
2024-06-17 06:00:00+02:00,12077.0
2024-06-17 07:00:00+02:00,29322.0
2024-06-17 08:00:00+02:00,53527.0
2024-06-17 09:00:00+02:00,82073.0
2024-06-17 10:00:00+02:00,107282.0
2024-06-17 11:00:00+02:00,122775.0
2024-06-17 12:00:00+02:00,130210.0
2024-06-17 13:00:00+02:00,131551.0
2024-06-17 14:00:00+02:00,124879.0
2024-06-17 15:00:00+02:00,112173.0
2024-06-17 16:00:00+02:00,92571.0
2024-06-17 17:00:00+02:00,69854.0
2024-06-17 18:00:00+02:00,44578.0
2024-06-17 19:00:00+02:00,23368.0
2024-06-17 20:00:00+02:00,9146.0
2024-06-17 21:00:00+02:00,894.0
2024-06-17 22:00:00+02:00,1.0
2024-06-17 23:00:00+02:00,0.0
2024-06-18 00:00:00+02:00,0.0
2024-06-18 01:00:00+02:00,0.0
2024-06-18 02:00:00+02:00,0.0
2024-06-18 03:00:00+02:00,0.0
2024-06-18 04:00:00+02:00,42.0
2024-06-18 05:00:00+02:00,2736.0
2024-06-18 06:00:00+02:00,16040.0
2024-06-18 07:00:00+02:00,42248.0
2024-06-18 08:00:00+02:00,79192.0
2024-06-18 09:00:00+02:00,115981.0
2024-06-18 10:00:00+02:00,142281.0
2024-06-18 11:00:00+02:00,152544.0
2024-06-18 12:00:00+02:00,153076.0
2024-06-18 13:00:00+02:00,145288.0
2024-06-18 14:00:00+02:00,132024.0
2024-06-18 15:00:00+02:00,115778.0
2024-06-18 16:00:00+02:00,93189.0
2024-06-18 17:00:00+02:00,64628.0
2024-06-18 18:00:00+02:00,38157.0
2024-06-18 19:00:00+02:00,17370.0
2024-06-18 20:00:00+02:00,5129.0
2024-06-18 21:00:00+02:00,323.0
2024-06-18 22:00:00+02:00,2.0
2024-06-18 23:00:00+02:00,0.0
2024-06-19 00:00:00+02:00,0.0
2024-06-19 01:00:00+02:00,0.0
2024-06-19 02:00:00+02:00,0.0
2024-06-19 03:00:00+02:00,0.0
2024-06-19 04:00:00+02:00,17.0
2024-06-19 05:00:00+02:00,1500.0
2024-06-19 06:00:00+02:00,9888.0
2024-06-19 07:00:00+02:00,24497.0
2024-06-19 08:00:00+02:00,44550.0
2024-06-19 09:00:00+02:00,67075.0
2024-06-19 10:00:00+02:00,87469.0
2024-06-19 11:00:00+02:00,101764.0
2024-06-19 12:00:00+02:00,110412.0
2024-06-19 13:00:00+02:00,115705.0
2024-06-19 14:00:00+02:00,113143.0
2024-06-19 15:00:00+02:00,103282.0
2024-06-19 16:00:00+02:00,90889.0
2024-06-19 17:00:00+02:00,73822.0
2024-06-19 18:00:00+02:00,50629.0
2024-06-19 19:00:00+02:00,27022.0
2024-06-19 20:00:00+02:00,9821.0
2024-06-19 21:00:00+02:00,1049.0
2024-06-19 22:00:00+02:00,2.0
2024-06-19 23:00:00+02:00,0.0
2024-06-20 00:00:00+02:00,0.0
2024-06-20 01:00:00+02:00,0.0
2024-06-20 02:00:00+02:00,0.0
2024-06-20 03:00:00+02:00,0.0
2024-06-20 04:00:00+02:00,41.0
2024-06-20 05:00:00+02:00,2154.0
2024-06-20 06:00:00+02:00,13005.0
2024-06-20 07:00:00+02:00,35122.0
2024-06-20 08:00:00+02:00,65456.0
2024-06-20 09:00:00+02:00,97332.0
2024-06-20 10:00:00+02:00,124630.0
2024-06-20 11:00:00+02:00,144051.0
2024-06-20 12:00:00+02:00,146352.0
2024-06-20 13:00:00+02:00,133304.0
2024-06-20 14:00:00+02:00,116014.0
2024-06-20 15:00:00+02:00,99498.0
2024-06-20 16:00:00+02:00,81631.0
2024-06-20 17:00:00+02:00,60554.0
2024-06-20 18:00:00+02:00,40593.0
2024-06-20 19:00:00+02:00,21435.0
2024-06-20 20:00:00+02:00,7114.0
2024-06-20 21:00:00+02:00,596.0
2024-06-20 22:00:00+02:00,2.0
2024-06-20 23:00:00+02:00,0.0
2024-06-21 00:00:00+02:00,0.0
2024-06-21 01:00:00+02:00,0.0
2024-06-21 02:00:00+02:00,0.0
2024-06-21 03:00:00+02:00,0.0
2024-06-21 04:00:00+02:00,40.0
2024-06-21 05:00:00+02:00,2168.0
2024-06-21 06:00:00+02:00,12420.0
2024-06-21 07:00:00+02:00,27355.0
2024-06-21 08:00:00+02:00,42741.0
2024-06-21 09:00:00+02:00,57206.0
2024-06-21 10:00:00+02:00,72534.0
2024-06-21 11:00:00+02:00,84950.0
2024-06-21 12:00:00+02:00,87487.0
2024-06-21 13:00:00+02:00,84991.0
2024-06-21 14:00:00+02:00,83910.0
2024-06-21 15:00:00+02:00,72921.0
2024-06-21 16:00:00+02:00,56029.0
2024-06-21 17:00:00+02:00,38557.0
2024-06-21 18:00:00+02:00,26726.0
2024-06-21 19:00:00+02:00,15343.0
2024-06-21 20:00:00+02:00,5665.0
2024-06-21 21:00:00+02:00,564.0
2024-06-21 22:00:00+02:00,2.0
2024-06-21 23:00:00+02:00,0.0
2024-06-22 00:00:00+02:00,0.0
2024-06-22 01:00:00+02:00,0.0
2024-06-22 02:00:00+02:00,0.0
2024-06-22 03:00:00+02:00,0.0
2024-06-22 04:00:00+02:00,26.0
2024-06-22 05:00:00+02:00,1188.0
2024-06-22 06:00:00+02:00,10022.0
2024-06-22 07:00:00+02:00,28628.0
2024-06-22 08:00:00+02:00,55216.0
2024-06-22 09:00:00+02:00,86159.0
2024-06-22 10:00:00+02:00,114741.0
2024-06-22 11:00:00+02:00,133302.0
2024-06-22 12:00:00+02:00,143894.0
2024-06-22 13:00:00+02:00,143329.0
2024-06-22 14:00:00+02:00,133141.0
2024-06-22 15:00:00+02:00,118079.0
2024-06-22 16:00:00+02:00,99309.0
2024-06-22 17:00:00+02:00,75054.0
2024-06-22 18:00:00+02:00,48881.0
2024-06-22 19:00:00+02:00,24810.0
2024-06-22 20:00:00+02:00,9121.0
2024-06-22 21:00:00+02:00,966.0
2024-06-22 22:00:00+02:00,2.0
2024-06-22 23:00:00+02:00,0.0
2024-06-23 00:00:00+02:00,0.0
2024-06-23 01:00:00+02:00,0.0
2024-06-23 02:00:00+02:00,0.0
2024-06-23 03:00:00+02:00,0.0
2024-06-23 04:00:00+02:00,41.0
2024-06-23 05:00:00+02:00,1946.0
2024-06-23 06:00:00+02:00,12027.0
2024-06-23 07:00:00+02:00,33986.0
2024-06-23 08:00:00+02:00,63279.0
2024-06-23 09:00:00+02:00,91602.0
2024-06-23 10:00:00+02:00,113236.0
2024-06-23 11:00:00+02:00,127534.0
2024-06-23 12:00:00+02:00,136948.0
2024-06-23 13:00:00+02:00,139662.0
2024-06-23 14:00:00+02:00,135280.0
2024-06-23 15:00:00+02:00,121756.0
2024-06-23 16:00:00+02:00,102573.0
2024-06-23 17:00:00+02:00,78271.0
2024-06-23 18:00:00+02:00,51150.0
2024-06-23 19:00:00+02:00,27001.0
2024-06-23 20:00:00+02:00,9651.0
2024-06-23 21:00:00+02:00,975.0
2024-06-23 22:00:00+02:00,2.0
2024-06-23 23:00:00+02:00,0.0
2024-06-24 00:00:00+02:00,0.0
2024-06-24 01:00:00+02:00,0.0
2024-06-24 02:00:00+02:00,0.0
2024-06-24 03:00:00+02:00,0.0
2024-06-24 04:00:00+02:00,42.0
2024-06-24 05:00:00+02:00,2441.0
2024-06-24 06:00:00+02:00,16010.0
2024-06-24 07:00:00+02:00,45281.0
2024-06-24 08:00:00+02:00,83295.0
2024-06-24 09:00:00+02:00,122558.0
2024-06-24 10:00:00+02:00,151746.0
2024-06-24 11:00:00+02:00,166596.0
2024-06-24 12:00:00+02:00,170432.0
2024-06-24 13:00:00+02:00,168552.0
2024-06-24 14:00:00+02:00,164332.0
2024-06-24 15:00:00+02:00,153214.0
2024-06-24 16:00:00+02:00,134534.0
2024-06-24 17:00:00+02:00,104779.0
2024-06-24 18:00:00+02:00,67576.0
2024-06-24 19:00:00+02:00,33255.0
2024-06-24 20:00:00+02:00,11432.0
2024-06-24 21:00:00+02:00,1141.0
2024-06-24 22:00:00+02:00,2.0
2024-06-24 23:00:00+02:00,0.0
2024-06-25 00:00:00+02:00,0.0
2024-06-25 01:00:00+02:00,0.0
2024-06-25 02:00:00+02:00,0.0
2024-06-25 03:00:00+02:00,0.0
2024-06-25 04:00:00+02:00,44.0
2024-06-25 05:00:00+02:00,2570.0
2024-06-25 06:00:00+02:00,16296.0
2024-06-25 07:00:00+02:00,46335.0
2024-06-25 08:00:00+02:00,87171.0
2024-06-25 09:00:00+02:00,128285.0
2024-06-25 10:00:00+02:00,160723.0
2024-06-25 11:00:00+02:00,180913.0
2024-06-25 12:00:00+02:00,191834.0
2024-06-25 13:00:00+02:00,194290.0
2024-06-25 14:00:00+02:00,188146.0
2024-06-25 15:00:00+02:00,170873.0
2024-06-25 16:00:00+02:00,144722.0
2024-06-25 17:00:00+02:00,109097.0
2024-06-25 18:00:00+02:00,68649.0
2024-06-25 19:00:00+02:00,32931.0
2024-06-25 20:00:00+02:00,11361.0
2024-06-25 21:00:00+02:00,1130.0
2024-06-25 22:00:00+02:00,1.0
2024-06-25 23:00:00+02:00,0.0
2024-06-26 00:00:00+02:00,0.0
2024-06-26 01:00:00+02:00,0.0
2024-06-26 02:00:00+02:00,0.0
2024-06-26 03:00:00+02:00,0.0
2024-06-26 04:00:00+02:00,30.0
2024-06-26 05:00:00+02:00,2444.0
2024-06-26 06:00:00+02:00,15303.0
2024-06-26 07:00:00+02:00,42925.0
2024-06-26 08:00:00+02:00,80471.0
2024-06-26 09:00:00+02:00,119808.0
2024-06-26 10:00:00+02:00,150352.0
2024-06-26 11:00:00+02:00,168582.0
2024-06-26 12:00:00+02:00,175074.0
2024-06-26 13:00:00+02:00,174072.0
2024-06-26 14:00:00+02:00,162483.0
2024-06-26 15:00:00+02:00,141273.0
2024-06-26 16:00:00+02:00,113598.0
2024-06-26 17:00:00+02:00,82794.0
2024-06-26 18:00:00+02:00,50587.0
2024-06-26 19:00:00+02:00,24540.0
2024-06-26 20:00:00+02:00,9047.0
2024-06-26 21:00:00+02:00,1194.0
2024-06-26 22:00:00+02:00,2.0
2024-06-26 23:00:00+02:00,0.0
2024-06-27 00:00:00+02:00,0.0
2024-06-27 01:00:00+02:00,0.0
2024-06-27 02:00:00+02:00,0.0
2024-06-27 03:00:00+02:00,0.0
2024-06-27 04:00:00+02:00,24.0
2024-06-27 05:00:00+02:00,2074.0
2024-06-27 06:00:00+02:00,12470.0
2024-06-27 07:00:00+02:00,33715.0
2024-06-27 08:00:00+02:00,65010.0
2024-06-27 09:00:00+02:00,100811.0
2024-06-27 10:00:00+02:00,129912.0
2024-06-27 11:00:00+02:00,148045.0
2024-06-27 12:00:00+02:00,151546.0
2024-06-27 13:00:00+02:00,146442.0
2024-06-27 14:00:00+02:00,136475.0
2024-06-27 15:00:00+02:00,120411.0
2024-06-27 16:00:00+02:00,99579.0
2024-06-27 17:00:00+02:00,75143.0
2024-06-27 18:00:00+02:00,46923.0
2024-06-27 19:00:00+02:00,23812.0
2024-06-27 20:00:00+02:00,8693.0
2024-06-27 21:00:00+02:00,958.0
2024-06-27 22:00:00+02:00,4.0
2024-06-27 23:00:00+02:00,0.0
2024-06-28 00:00:00+02:00,0.0
2024-06-28 01:00:00+02:00,0.0
2024-06-28 02:00:00+02:00,0.0
2024-06-28 03:00:00+02:00,0.0
2024-06-28 04:00:00+02:00,23.0
2024-06-28 05:00:00+02:00,2159.0
2024-06-28 06:00:00+02:00,13888.0
2024-06-28 07:00:00+02:00,37181.0
2024-06-28 08:00:00+02:00,68382.0
2024-06-28 09:00:00+02:00,101735.0
2024-06-28 10:00:00+02:00,132708.0
2024-06-28 11:00:00+02:00,149477.0
2024-06-28 12:00:00+02:00,152470.0
2024-06-28 13:00:00+02:00,152521.0
2024-06-28 14:00:00+02:00,151612.0
2024-06-28 15:00:00+02:00,143170.0
2024-06-28 16:00:00+02:00,123459.0
2024-06-28 17:00:00+02:00,98593.0
2024-06-28 18:00:00+02:00,64941.0
2024-06-28 19:00:00+02:00,32064.0
2024-06-28 20:00:00+02:00,10989.0
2024-06-28 21:00:00+02:00,1028.0
2024-06-28 22:00:00+02:00,2.0
2024-06-28 23:00:00+02:00,0.0
2024-06-29 00:00:00+02:00,0.0
2024-06-29 01:00:00+02:00,0.0
2024-06-29 02:00:00+02:00,0.0
2024-06-29 03:00:00+02:00,0.0
2024-06-29 04:00:00+02:00,23.0
2024-06-29 05:00:00+02:00,2406.0
2024-06-29 06:00:00+02:00,15455.0
2024-06-29 07:00:00+02:00,43007.0
2024-06-29 08:00:00+02:00,80239.0
2024-06-29 09:00:00+02:00,117266.0
2024-06-29 10:00:00+02:00,146383.0
2024-06-29 11:00:00+02:00,166465.0
2024-06-29 12:00:00+02:00,177588.0
2024-06-29 13:00:00+02:00,177978.0
2024-06-29 14:00:00+02:00,166771.0
2024-06-29 15:00:00+02:00,144801.0
2024-06-29 16:00:00+02:00,115477.0
2024-06-29 17:00:00+02:00,82011.0
2024-06-29 18:00:00+02:00,47920.0
2024-06-29 19:00:00+02:00,21540.0
2024-06-29 20:00:00+02:00,7089.0
2024-06-29 21:00:00+02:00,598.0
2024-06-29 22:00:00+02:00,2.0
2024-06-29 23:00:00+02:00,0.0
2024-06-30 00:00:00+02:00,0.0
2024-06-30 01:00:00+02:00,0.0
2024-06-30 02:00:00+02:00,0.0
2024-06-30 03:00:00+02:00,0.0
2024-06-30 04:00:00+02:00,10.0
2024-06-30 05:00:00+02:00,1197.0
2024-06-30 06:00:00+02:00,6505.0
2024-06-30 07:00:00+02:00,16123.0
2024-06-30 08:00:00+02:00,32233.0
2024-06-30 09:00:00+02:00,47934.0
2024-06-30 10:00:00+02:00,60671.0
2024-06-30 11:00:00+02:00,73752.0
2024-06-30 12:00:00+02:00,83510.0
2024-06-30 13:00:00+02:00,86464.0
2024-06-30 14:00:00+02:00,77792.0
2024-06-30 15:00:00+02:00,70493.0
2024-06-30 16:00:00+02:00,55871.0
2024-06-30 17:00:00+02:00,37294.0
2024-06-30 18:00:00+02:00,25671.0
2024-06-30 19:00:00+02:00,13682.0
2024-06-30 20:00:00+02:00,4924.0
2024-06-30 21:00:00+02:00,500.0
2024-06-30 22:00:00+02:00,1.0
2024-06-30 23:00:00+02:00,0.0
2024-07-01 00:00:00+02:00,0.0
2024-07-01 01:00:00+02:00,0.0
2024-07-01 02:00:00+02:00,0.0
2024-07-01 03:00:00+02:00,0.0
2024-07-01 04:00:00+02:00,11.0
2024-07-01 05:00:00+02:00,1411.0
2024-07-01 06:00:00+02:00,8241.0
2024-07-01 07:00:00+02:00,23021.0
2024-07-01 08:00:00+02:00,43601.0
2024-07-01 09:00:00+02:00,64633.0
2024-07-01 10:00:00+02:00,83774.0
2024-07-01 11:00:00+02:00,96662.0
2024-07-01 12:00:00+02:00,102863.0
2024-07-01 13:00:00+02:00,104946.0
2024-07-01 14:00:00+02:00,100943.0
2024-07-01 15:00:00+02:00,89416.0
2024-07-01 16:00:00+02:00,77989.0
2024-07-01 17:00:00+02:00,61757.0
2024-07-01 18:00:00+02:00,39890.0
2024-07-01 19:00:00+02:00,20513.0
2024-07-01 20:00:00+02:00,7293.0
2024-07-01 21:00:00+02:00,651.0
2024-07-01 22:00:00+02:00,2.0
2024-07-01 23:00:00+02:00,0.0
2024-07-02 00:00:00+02:00,0.0
2024-07-02 01:00:00+02:00,0.0
2024-07-02 02:00:00+02:00,0.0
2024-07-02 03:00:00+02:00,0.0
2024-07-02 04:00:00+02:00,11.0
2024-07-02 05:00:00+02:00,1493.0
2024-07-02 06:00:00+02:00,10411.0
2024-07-02 07:00:00+02:00,27025.0
2024-07-02 08:00:00+02:00,48844.0
2024-07-02 09:00:00+02:00,68782.0
2024-07-02 10:00:00+02:00,74932.0
2024-07-02 11:00:00+02:00,73210.0
2024-07-02 12:00:00+02:00,76580.0
2024-07-02 13:00:00+02:00,76675.0
2024-07-02 14:00:00+02:00,70822.0
2024-07-02 15:00:00+02:00,60027.0
2024-07-02 16:00:00+02:00,49182.0
2024-07-02 17:00:00+02:00,36590.0
2024-07-02 18:00:00+02:00,22958.0
2024-07-02 19:00:00+02:00,12367.0
2024-07-02 20:00:00+02:00,4268.0
2024-07-02 21:00:00+02:00,405.0
2024-07-02 22:00:00+02:00,2.0
2024-07-02 23:00:00+02:00,0.0
2024-07-03 00:00:00+02:00,0.0
2024-07-03 01:00:00+02:00,0.0
2024-07-03 02:00:00+02:00,0.0
2024-07-03 03:00:00+02:00,0.0
2024-07-03 04:00:00+02:00,9.0
2024-07-03 05:00:00+02:00,1313.0
2024-07-03 06:00:00+02:00,8256.0
2024-07-03 07:00:00+02:00,24145.0
2024-07-03 08:00:00+02:00,47243.0
2024-07-03 09:00:00+02:00,70768.0
2024-07-03 10:00:00+02:00,87623.0
2024-07-03 11:00:00+02:00,92355.0
2024-07-03 12:00:00+02:00,92010.0
2024-07-03 13:00:00+02:00,88275.0
2024-07-03 14:00:00+02:00,75959.0
2024-07-03 15:00:00+02:00,65218.0
2024-07-03 16:00:00+02:00,56707.0
2024-07-03 17:00:00+02:00,44867.0
2024-07-03 18:00:00+02:00,31051.0
2024-07-03 19:00:00+02:00,16965.0
2024-07-03 20:00:00+02:00,6246.0
2024-07-03 21:00:00+02:00,644.0
2024-07-03 22:00:00+02:00,1.0
2024-07-03 23:00:00+02:00,0.0
2024-07-04 00:00:00+02:00,0.0
2024-07-04 01:00:00+02:00,0.0
2024-07-04 02:00:00+02:00,0.0
2024-07-04 03:00:00+02:00,0.0
2024-07-04 04:00:00+02:00,11.0
2024-07-04 05:00:00+02:00,1193.0
2024-07-04 06:00:00+02:00,7988.0
2024-07-04 07:00:00+02:00,21358.0
2024-07-04 08:00:00+02:00,39388.0
2024-07-04 09:00:00+02:00,62032.0
2024-07-04 10:00:00+02:00,85360.0
2024-07-04 11:00:00+02:00,97707.0
2024-07-04 12:00:00+02:00,104102.0
2024-07-04 13:00:00+02:00,107835.0
2024-07-04 14:00:00+02:00,111551.0
2024-07-04 15:00:00+02:00,110670.0
2024-07-04 16:00:00+02:00,98897.0
2024-07-04 17:00:00+02:00,77665.0
2024-07-04 18:00:00+02:00,53758.0
2024-07-04 19:00:00+02:00,26948.0
2024-07-04 20:00:00+02:00,9752.0
2024-07-04 21:00:00+02:00,893.0
